NA,on,Jono,31/12/2020,11:06 AM
NA,on,KK,31/12/2020,11:06 AM
NA,on,Steve,31/12/2020,11:17 AM
NA,on,Steven,31/12/2020,11:17 AM
NA,on,gary,31/12/2020,12:26 PM
NA,on,gg,31/12/2020,12:26 PM
NA,on,jj,31/12/2020,12:34 PM
NA,on,harr,31/12/2020,12:38 PM
NA,on,hhh,31/12/2020,12:41 PM
NA,on,hjjhh,31/12/2020,12:41 PM
NA,on,jjj,31/12/2020,1:12 PM
NA,on,jjjjj,31/12/2020,1:16 PM
NA,check-out,kkkkk,31/12/2020,3:40 PM
hhhhhh,check-in,steve,31/12/2020,3:40 PM
NA,check-in,hello,01/01/2021,8:14 AM
NA,check-IN,ghghg,2333,01/01/2021,4:59 PM
